﻿ids,sentences,cluster_order
379,Molti di questi velivoli furono distrutti in questo tipo di attacchi nei mesi successivi.,0
4317,Queste caratteristiche lo qualificarono più come un cacciabombardiere che non come un bombardiere medio.,1
975,Posteriormente terminava in una coda dall'impennaggio tradizionale monoderiva dagli ampi piani di coda.,2
5566,Il Portogallo ricevette ventiquattro Curtiss SB2C-5 insieme con parti di ricambio e accessori nel 1950.,3
3864,"I velivoli portavano, oltre alle coccarde ed alle insegne francesi, anche quella polacca in fusoliera.",4
4945,Lo scopo dell XB-19 era quello di testare le caratteristiche di volo di bombardieri giganti.,5
8273,L'autorità aeroportuale ha in concessione l'aeroporto dalla città di New York dal 1947.,6
6518,Nel periodo estivo l'aeroporto gestisce più di 60 voli di linea al giorno.,7
9857,L'aeroporto è stato inaugurato nel 1940 con un volo con destinazione la capitale.,8
6748,"Nel 1945 l'aeroporto fu preso dagli Americani, che lo restituirono alla città nel 1949.",9
6195,Il 10 settembre 2016 a Boscomantico si sono festeggiati i 100 anni dell'aeroporto.,10
9555,"Nel 1991 fu aperto ufficialmente l'aeroporto Giuseppe Verdi, realizzato tramite una società, la SO.GE.A.P.",11
17025,"La canzone è stata bandita in molte stazioni radio, tranne in quella del Dr. Demento.",12
15071,Originariamente la canzone è stata scritta per l'album d esordio The Scream del 1978.,13
22930,"La sua prima stagione nel Maryland si chiuse con 31 tackle e 9,5 sack.",14
18780,Il primo touchdown stagionale lo segnò nella vittoria della settimana 2 in casa dei Vikings.,15
21619,Nella settimana 8 fece registrare il primo intercetto stagionale nella vittoria sugli Atlanta Falcons.,16
23770,"Con essi disputò 37 gare su 41 come titolare, con 9 intercetti e un sack.",17
22181,Breeland fu scelto dai Washington Redskins nel corso del quarto giro del Draft 2014.,18
21927,"Nel drive successivo, Hanie guidò i Bears a un secondo touchdown in soli 82 secondi.",19
25271,"Se il suo pendant, l'Aurora è nell'atto di svegliarsi, il Crepuscolo dovrebbe coricarsi.",20
29269,"Lo stesso Doni aveva commissionato a Michelangelo il famoso Tondo Doni, oggi agli Uffizi.",21
25579,"Viardot assegnò per primo l'opera a Raffaello, seguito da Passavant, Morelli e Pulzky.",22
25757,"Il dipinto ha subito una pulitura leggera, in occasione della mostra a Firenze nel 1922.",23
25965,"Il bacio è un dipinto a olio su tela, alto 99 e largo 81 centimetri.",24
26185,"Gesti e sguardi si intrecciano tra i protagonisti, con un notevole senso di familiare naturalezza.",25
35224,Nel giugno del 2015 arriva secondo nell'Europeo per nazioni svoltosi a Čeboksary in Russia.,26
35875,"Dopo questo viaggio avventuroso di ventotto giorni, Airoldi, tuttavia, non poté partecipare alla maratona.",27
34271,"Agli europei indoor di Atene del 1985 concluse terzo con un lancio a 21,23 metri.",28
34567,Nel 2000 prese parte ai Giochi olimpici di Sydney ottenendo il quattordicesimo posto nell'eptathlon.,29
31262,"Figlia unica, ha cominciato a praticare atletica leggera all'età di 12 anni nel 2003.",30
33300,"Nel 2006, ad Atene, ha preso parte ai 3000m piani della Coppa del Mondo.",31
40074,Tale configurazione telaistica ha permesso l'ottenimento di un peso inferiore ai 950 kg.,32
39554,Dal 2010 non viene più utilizzata ed è stata definitivamente sostituita dal nuovo telaio.,33
41627,Nel 1934 il telaio venne modificato per avere una carreggiata e un avantreno più larghi.,34
39716,Il motore era di cilindrata piuttosto bassa per essere un 8 cilindri solo 1719cm3.,35
41916,"La X300, inoltre, fu il primo modello XJ ad adottare i paraurti completamente in plastica.",36
38297,"La più importante nel 1980 quando cambiarono i paraurti, i comandi e le finiture.",37
43065,Appena scelto fu scambiato dai Nuggets insieme a Rodney Rogers per arrivare a Antonio McDyess.,38
46370,Con la ha preso parte ai Giochi olimpici 1980 e ai FIBA EuroBasket 1983.,39
43599,L'11 luglio 2017 rinnovò il suo contratto con i Pistons per altri 2 anni.,40
44075,"Lasciati gli Hornets, dal 1991 al 2001 fu capo allenatore dei Golden State Warriors.",41
45817,L'8 aprile 2009 DeRozan annuncia che entrerà a far parte del Draft NBA.,42
42957,"Terminò la carriera universitaria con 1.344 punti, 804 rimbalzi e con il 51,5% al tiro.",43
49504,"Farrell, oltre ad essere un evidente omaggio a Uomini e topi di John Steinbeck.",44
51680,Joey è un ragazzo comune che frequenta le scuole superiori nella cittadina di Greenville.,45
48769,Il romanzo si svolge nell'arco degli ultimi sette giorni di gravidanza di Sara.,46
51850,"Vento scomposto è il quarto romanzo di Simonetta Agnello Hornby, pubblicato in Italia nel 2009.",47
52326,Un antica copia del Codex Amiatinus è tutt oggi la Bibbia personale del Papa.,48
49566,"Secondo Nielsen BookScan, il romanzo ha venduto ventinovemila copie tra il 2001 e il 2005.",49
49018,"Fu rivisto e adattato agli altri racconti, quando fu inserito nella raccolta Mulliner Nights.",50
51090,Chiama la signorina Holland e la incarica di far spedire la missiva a Meredith,51
53645,"In questo caso si verificheranno contrapposizioni violente fra Stati, religioni, entità terroristiche e pirati privati.",52
55957,"È divisa in due parti, corrispondenti al salone a sinistra ed all'albergo a destra.",53
54167,"Quindi, passando attraverso diversi proprietari, giunse ad essere la sede odierna della Guardia di Finanza.",54
55580,Oggi la villa ospita il Comando Militare Esercito Friuli Venezia Giulia con adiacente Circolo Ufficiali.,55
57855,"Kysor, era in origine un hotel'e si trova al 430 di North Main Street.",56
54949,"Il giardino, oggi ridotto e molto modificato rispetto al passato, fu progettato da Enrico Combi.",57
60115,"Oltre all'inglese e al filippino, conosce anche l'italiano, lo spagnolo e il francese.",58
62794,"È sepolto nell'atrio della Basilica di Santa Maria in Trastevere, suo titolo cardinalizio.",59
65305,Dopo pochi giorni rifiutò la promozione al cardinalato preferendo rimanere solo vescovo di Tropea.,60
60280,"Si formò presso l'università di Padova, di cui in seguito fu anche Riformatore.",61
60637,Fu ordinato vescovo a Roma l'8 giugno 1549 dal cardinale Juan Álvarez de Toledo.,62
62888,"Il 14 aprile 1577 fu eletto vescovo di Fermo, nonostante non fosse ancora stato ordinato.",63
68783,"Con una magnitudine apparente di +3,84 è la dodicesima stella più brillante della costellazione.",64
69371,"57 Ceti è una stella gigante rossa di magnitudine 5,46 situata nella costellazione della Balena.",65
71958,"HD 197540 è una stella gigante gialla di magnitudine 6,5 situata nella costellazione del Capricorno.",66
66347,"HD 30197 è una stella gigante arancione di magnitudine +5,99 situata nella costellazione del Toro.",67
70680,"Phi1 Orionis è una stella gigante azzurra di magnitudine 4,4 situata nella costellazione di Orione.",68
70585,"GO Andromedae è una stella variabile di magnitudine 6,12 situata nella costellazione di Andromeda.",69
73125,Il confronto con l'urea ricavata dall'urina lo convinse di aver sintetizzato quel composto.,70
74564,"Alprazolam è ampiamente metabolizzato nell'organismo umano, in particolare grazie al citocromo P450 3A4.",71
74179,È un sistema biciclico costituito da un anello ciclopentano fuso ad un anello ciclopropano.,72
75586,La biodisponibilità assoluta della molecola dopo somministrazione per os è all'incirca del 70%.,73
74697,La concentrazione plasmatica massima viene raggiunta in genere entro 2-4 ore dall'assunzione della molecola.,74
74639,"Esposizioni a lungo termine a solventi contenenti pseudocumene, può causare nervosia, tensione e bronchiti.",75
80688,"Si sposò con Rosalind Turner, dalla quale ebbe due figli James, scrittore, e Rebecca.",76
82891,Il 6 dicembre 2017 ha preso possesso del titolo cardinalizio di Santa Maria degli Angeli.,77
78469,Nel 1909 è stato insignito di un Master of Arts honoris causa dall Hobart College.,78
80876,Nel 1693 ricevette il suddiaconato e solo il 5 giugno 1700 prese gli ordini sacri.,79
86750,KG è un azienda di dolciumi tedesca con sede a Bonn nel quartiere Kessenich.,80
89591,Nel luglio del 2006 l'intera azienda fu acquistata dal gruppo Perfetti Van Melle.,81
84440,Nel 2002 Accenture è stata premiata per la sua operazione di rebranding dalla Arthur W.,82
89302,Dopo la rivoluzione di velluto del 1989 l'azienda diventa società per azioni nel 1990.,83
87586,La società viene fondata nel 1967 da Reinhold e Robert Spieldiener e da Ali Saiko.,84
89720,L'etichetta è stata chiusa nel mese di febbraio del 2009 per problemi finanziari.,85
91446,"In questo settore, come del resto in tanti altri, le privatizzazioni sono state limitate.",86
93115,"Ne scaturì una sanguinosa guerra di secessione tra estoni, aiutati dagli Stati occidentali, e russi.",87
94658,"Il Paraguay è uno degli stati aderenti alla Banca del Sud, partecipando al suo capitale.",88
94797,Si tratta di una storia d amore scritta intorno al 1600 da Vitsentzos Kornaros.,89
93053,"A sua volta ogni comune si divide in cantoni, attualmente sono presenti 989 cantoni.",90
93254,"Storicamente, la RDC è stata dominata dalla politica del partito unico dell'uomo forte.",91
98506,"I traguardi volanti hanno continuato ad assegnare abbuoni di 6, 4 e 2 secondi.",92
97941,"Presero il via da Compiègne 186 ciclisti, 92 di essi portarono a termine la gara.",93
100002,"Fu vinta dall'italiano Daniele Contrini, al traguardo con il tempo di 4h19m41s.",94
101156,A pochikm dal traguardo si forma un gruppo di una quindicina di corridori.,95
96348,"Il tedesco Bert Grabsch dominò la gara, mantenendo una velocità media di 50km/h.",96
98529,Partenza a Sint-Niklaas con 185 corridori di cui 111 portarono a termine il percorso.,97
107981,"Nel 2012 ritorna in Spagna alla Movistar, che aveva lasciato al termine del 2008.",98
104063,Sempre tra i dilettanti fece suo il titolo iridato della cronosquadre nel 1974 a Montréal.,99
106656,La principale vittoria da professionista fu un tappa al Giro d Italia nel 1951.,100
106903,"Professionista tra il 1926 ed il 1930, conta la vittoria di una Tre Valli Varesine.",101
104720,"Passò professionista all'inizio del 2010, quando venne messo sotto contratto dalla Liquigas-Doimo, squadra ProTour.",102
106840,Vinse anche una tappa al Giro di Svizzera nel 1946 e la Zurigo-Losanna nel 1947.,103
108115,L'ordine dispone dell'unica classe di membro che dà diritto al post nominale DUK.,104
112894,Tutte le medaglie vengono conferite in forma originale dal Dipartimento della Difesa degli Stati Uniti.,105
112884,"La prima regolamentazione organica dell'onorificenza è stata approvata col Decret 22 giugno 2004, n.",106
108700,Segue l'elenco degli insigniti dell'ordine di Massimiliano per le scienze e le arti.,107
112714,L Ordine dei santi patroni d Italia fu un ordine cavalleresco della Repubblica sociale italiana.,108
112553,Sul retro la medaglia presenta un gladio romano attorniato da una corona d alloro.,109
113701,Questi è oggi stato canonizzato dalla chiesa ortodossa ed è lodato come eroe nazionale.,110
118531,"Sede vescovile è la città di Nyahururu, dove si trova la cattedrale di Maria Immacolata.",111
117120,"Sede vescovile è la città di Litoměřice, dove si trova la cattedrale di Santo Stefano.",112
117247,Il territorio della diocesi si estende su 43.110km2 ed è suddiviso in 4 parrocchie.,113
114247,"Sede vescovile è la città di Oslo, dove si trova la cattedrale di Sant Olav.",114
118574,"La diocesi comprende la città di Sebenico, dove si trova la cattedrale di San Giacomo.",115
119373,"Sede vescovile è la città di Ica, dove si trova la cattedrale di San Gerolamo.",116
121123,Per quanto riguarda l'origine della viremia esiste la suddivisione fra forma attiva e passiva,117
123522,In Danimarca l'incidenza è più elevata e raggiunge i 41 casi per 100.000 persone.,118
125570,La malattia di Crohn aumenta anche il rischio di cancro nella zona di infiammazione.,119
120550,La prima descrizione nota di ipopituitarismo è stata fatta dal medico patologo tedesco Morris Simmonds.,120
122152,Il margine prossimale deve essere una zona del colon flessibile e senza ipertrofia o infiammazione.,121
120264,Nel caso che i villi coriali riescano a penetrare il miometrio viene definita placenta increta.,122
130126,Il cão de água português è una razza di cane d acqua di origine portoghese.,123
130678,Il cane da orso della Carelia è un cane da caccia della famiglia degli spitz.,124
130479,Il Västgötaspets è un cane di piccole dimensioni ma con un carattere molto forte.,125
130302,"Al passo molti springer ambiano il che non è difetto, ma tipico della razza.",126
128022,"Non necessita di particolari cure, una spazzolata periodica contribuisce ad eliminare il pelo morto.",127
131874,È un cane di piccola taglia caratterizzato da un lungo pelo liscio e pesante.,128
134823,I Rutuli sono un gruppo etnico situato in Daghestan e in alcune località dell'Azerbaigian.,129
134281,Le elezioni al Kurultaj che coinvolgono tutta la popolazione tatara avvengono ogni cinque anni.,130
132960,"Chiaramente, la tribù trae ancora grande orgoglio dalla sua prodezza e dal suo valore militari.",131
134137,"Era comune praticare la poligamia e durante i primi anni di matrimonio, la residenza uxorilocale.",132
136760,L'espandersi del fenomeno costrinse alla mobilitazione sia le autorità francesi che quelle siamesi.,133
141928,"Nella prima scena dello Stage 1, C.C. osserva il piccolo Lelouch indossando proprio abiti giapponesi.",134
139024,"Tuttavia, durante la guerra tra Rann e Thanagar, i due inizieranno una relazione sentimentale.",135
140755,Persino Ryuken lo ritiene dotato di grande talento pari a quello di Toki e Raoul.,136
142153,"Questo difettò portò ad odiare il clone di Peter privo di difetti, Ben Reilly.",137
138428,"L'incontro con Jimmy Darmody durante una visita ai veterani, gli cambia la vita.",138
143723,"Il corno viene recuperato dai soldati di Gondor, spezzato in due, e portato dal Sovrintendente.",139
143955,Costruisce poi una nuova spada laser blu come simbolo della sua promozione al Consiglio Jedi.,140
141664,"Per Nancy Enright, Boromir è lo stereotipo tradizionale del potere maschile, mentre Ralph C.",141
146607,La serpe di Zanzibar è un film muto del 1928 diretto da Tod Browning.,142
144631,Follie del cinema è un film del 1932 diretto da Clyde Bruckman. con Harold Lloyd..,143
146536,By the Sad Sea Waves è un cortometraggio muto del 1917 diretto da Alfred J.,144
145516,Aida è un cortometraggio muto del 1911 diretto da Oscar Apfel'e da J.,145
146038,"Distribuito dalla V-L-S-E, il film uscì nelle sale cinematografiche USA il 1o novembre 1915.",146
148253,Il film - un cortometraggio a una bobina - fu prodotto dalla Société des Etablissements L.,147
151201,Infatti l'edizione originale di D&D raccomandava al lettore il possesso di una copia Chainmail.,148
151275,L'ambientazione è stata concessa in licenza due volte per giochi di carte collezionabili.,149
151677,"Nel 1990 la TSR pubblicò una seconda edizione del gioco, etichettandola erroneamente come terza edizione..",150
151360,Nel 1998 Delta Green vinse l'Origins Award per il Best Roleplaying Supplement of 1997.,151
152181,Il gioco è stato creato dal matematico Alain Rivollet e dall'informatico Gaëtan Beaujannot.,152
154098,La Grenadier Miniatures supportò il gioco con una linea di miniature prodotte su licenza.,153
156613,Bathgate ritornò in NHL per un ultima stagione ancora con i Penguins nel 1971.,154
159039,Fu scelto nell'Amateur Draft del 1963 dai Toronto Maple Leafs in ventunesima posizione.,155
160773,Il 20 luglio 2012 Fayne prolungò per altre due stagioni con i New Jersey Devils.,156
159661,Il suo primo gol'in NHL'arrivò il 12 novembre 2005 contro i Dallas Stars.,157
157738,Con Viacheslav Fetisov abbatté la barriera che bloccava i giocatori sovietici dal giocare nella NHL.,158
158314,Nella stagione successiva Hay e i Black Hawks raggiunsero la finale della Stanley Cup.,159
164306,"A nord l'isola viene attraversata dal Ponte Massimiliano, che porta verso il Maximilianeum.",160
164873,"Contrariamente alla vasta area coperta dall'arcipelago, copre una superficie terrestre di soli 885km2.",161
166881,"La città più grande è Kaunakakai, che è anche uno dei due porti sull'isola.",162
166037,Negli ultimi anni il turismo si propone come fonte di sostentamento dell'intera isola.,163
166959,Le isole Lupči sono un gruppo di quattro piccole isolette russe nel Mar Bianco.,164
165037,Diresse la piantagione con un pugno di ferro che portò al suo omicidio nel 1904.,165
164509,"I sadlermuit, come nella vicina isola di Southampton, si estinsero contraendo malattie dagli occidentali.",166
168701,L Ostniederdeutsch è un gruppo di dialetti parlati prevalentemente in Germania orientale e Polonia settentrionale.,167
170486,Alcuni linguisti includono l'alveniate in un gruppo dialettale alverno-limosino in comune con il limosino.,168
172388,"Però, la frase nominativa incl. l'articolo, nome e aggettivo mostra tutte le possibilità",169
170821,"Discussione di alcuni principali processi fonologici, come di importanti allofoni o di regole di assimilazione.",170
172120,Il numero dei suoi locutori varia fortemente in funzione della metodologia impiegata per calcolarlo.,171
169410,"Il vecchio alfabeto georgiano sembra sia stato derivato da quello aramaico, con influenze greche.",172
173312,Numerosi esempi sono stati trovati nelle carte del notaio Giacomo Zabbara risalenti al 1486-1501.,173
174722,La Granja è una stazione della metropolitana di Valencia che serve la linea 4.,174
178047,"Da allora la stazione è il capolinea dell'attuale Linea Kachovskaya, staccatasi dalla Zamoskvoreckaja.",175
182025,"Sull'altro versante, da Vienna si insisteva con Gyulai per una condotta più energica.",176
181388,La guerra contro le tribù germaniche degli anni precedenti ne aveva solo ritardato i piani.,177
184453,Il 23 agosto 1179 Saladino giunse al Guado di Giacobbe e diede inizio all'assedio.,178
180344,"Giovanni occupava il tempio ed i dintorni, compreso l'Ophel'e la valle del Cedron.",179
183987,"Tre settimane dopo, invece, avvenne il secondo scontro nel quale Bruto fu rovinosamente battuto.",180
181908,"I tedeschi, riconoscendo l'indifendibilità della propria posizione, si ritirarono dalla Marna verso nord.",181
189748,"Infine, Belisario diventa generale nell'esercito di Padway e gli assicura il controllo dell'Italia.",182
189842,Ricevette il brevetto di sottotenente dell'Esercito degli Stati Uniti il 1o luglio del 1830.,183
188343,Si arruolò come soldato nel 44° Reggimento di linea allo scoppio della guerra franco-prussiana.,184
190101,A causa della gravissima ferita fu posto in congedo assoluto il 15 gennaio 1918,185
186697,"Nel 1934, prese parte alla notte dei lunghi coltelli contro le Sturmabteilung di Ernst Röhm.",186
186062,"Novák, tuttavia, respinse l'offerta e insieme a molti altri aviatori cecoslovacchi fuggì all'estero.",187
192890,"Il 28 agosto, la brigata venne trasferita in Estonia, nella zona del lago Peipus.",188
197358,"Con la totale indipendenza norvegese,venne approvata una legislazione rafforzante del sistema introdotto nel 1885.",189
197578,Con decreto del 12 novembre 1976 al battaglione fu assegnata la Bandiera di Guerra.,190
192449,"I manipoli erano unità di 60/120 uomini, tutti provenienti da una medesima classe di fanteria.",191
197558,Il XIV SS-Armeekorps fu un unità militare formata nel novembre del 1944 nell'Oberrhein.,192
195644,In agosto la Volkspolizei fu posta sotto il comando del ministro dell'interno tedesco.,193
195541,"Panzer-Division nasce ufficialmente il 18 ottobre 1939 a Wuppertal'in Vestfalia, da elementi della 1.",194
198878,"La ferrorhodsite è un minerale appartenente al gruppo della linnaeite, ha struttura analoga alla cuprorhodsite.",195
201755,La bukovskýite è un minerale che prende il nome dal chimico ceco Antonin Bukovsky.,196
202426,Il nome è in riferimento alla composizione chimica è un minerale con prevalenza di cerio.,197
200003,"Inoltre la calcopirite è rinvenuta in gran quantità, raramente in forma cristallina, e meno fragile.",198
199805,"Il nome del minerale è stato attribuito in onore di Pavel'Ivanovich Stepanov, geologo russo.",199
201094,"La fullerite ultradura C ha una durezza molto elevata, superiore a quella del diamante.",200
208448,"In mancanza di eredi, gli successe come era facile prevedere, il fratello minore Leopoldo.",201
209601,Il giovane re divenne succube del Phraya Kalahom e fu assassinato nell'agosto del 1629.,202
207609,"Tipu inviò una lettera il 19 gennaio 1790 al governatore di Bekal, Budruz Zuman Khan.",203
205859,"Dopo la morte di Vittorio, sposò io 15 febbraio 1813 il barone Federico di Stein-Liebenstein-Barchfeld",204
208696,Aldobrandino d Este dopo la morte del padre ereditò il titolo di signore di Ferrara.,205
209239,È per questo motivo che questo clan ancora oggi in Burundi ha una pessima considerazione.,206
205145,Fu la prima volta che l'istituto del Palazzo Davanti arrivò a tanto potere.,207
205505,"Morì di leucemia nella capitale egiziana nell'autunno del 1988, all'età di 67 anni.",208
208695,"Il coimperatore, infatti, non volle mai consumare il matrimonio perché riteneva Sofia troppo brutta.",209
211665,"È ottavo nel 1998 e ancora nono l'anno successivo, con una Yamaha YZF-R6.",210
214802,Nel 2003 si presenta al Campionato Italiano Velocità Superstock 1000 come campione in carica.,211
214815,"È ricordato come uno dei padri fondatori della specialità, avendo anche vinto cinque titoli francesi.",212
215833,Nel 2016 è nello stesso team con un nuovo compagno di squadra Franco Morbidelli.,213
213386,"Gareggiò poi nel Motomondiale, in varie classi fino al termine della stagione vittoriosa del 1955.",214
215464,"Il 1969 vede il centauro ternano Campione Italiano Juniores della 250, sempre con una MotoBi.",215
214057,"In quella stagione si classificò quarto nella classifica finale del motomondiale, sua migliore prestazione.",216
218537,Nel seguente elenco sono riportati gli altri eventi più significativi riguardanti il Cho Oyu.,217
217896,Sotto la vetta sono evidenti i resti del presidio austriaco della prima guerra mondiale.,218
216714,La vetta del Nelion fu scalata la prima volta da Eric Shipton nel 1929.,219
218773,Il monte è collocato a nord-est di Cortina d Ampezzo e ad ovest di Misurina.,220
220533,"Nei pressi del Mönchjoch, valico che lo separa dal Mönch si trova la Mönchsjochhütte.",221
218296,"In realtà la vetta più alta è il monte Popomanaseu, che tocca quota 2335 metri.",222
223085,Il museo si trova in quella che un tempo era la centrale termoelettrica di Bankside.,223
225850,Nel corso degli anni altre opere sono state accolte e esposte all'interno del museo.,224
225952,Il progetto museografico è elaborato personalmente da Depero tra il 1957 e il 1959.,225
224691,La produzione della miniera oscillava tra le 56 e le 84 tonnellate di rame.,226
225351,"Negli anni 1983-1984 l'esposizione venne riallestita, mutando e migliorando il percorso logico espositivo.",227
228218,Con My Chico al Festivalbar 1988 venne premiata come Migliore Cantante Europea dell'anno.,228
231994,"Peraza si esibì in tutti i locali delle zone circostanti, tra cui nel Manhole Shelley.",229
231272,Questo procurò alla band un tour in Europa insieme ai Gothminister come band di supporto.,230
228368,"Con l'aiuto del padre ha aperto un ristorante in Odaiba, Tokyo chiamato Kamei-do.",231
230429,"Per l'occasione Fukuyama forma un duo musicale con il coprotagonista di Galileo, Kou Shibasaki.",232
231711,Per un periodo visse nella stessa pensione con Albert Ammons e Meade Lux Lewis.,233
236120,"Simile all'early happy hardcore, definita da un battito più leggero e sonorità rave.",234
237894,"Questi nuovi complessi incorporavano gli elementi più commerciali di alternative rock, emo e post-hardcore.",235
238794,La Frenchcore è un sottogenere musicale molto veloce e ritmato proposto soprattutto in Francia.,236
237999,Originatori di questa tendenza sono stati probabilmente gli statunitensi Impetigo insieme ai conterranei Meat Shits.,237
234134,Il dansi si può considerare derivato dalla rumba congolese degli anni 30 e sessanta.,238
239655,L'intero genere può creare diversi sottogeneri grazie alla sua combinazione fra ritmo e armonia.,239
245685,"Pohl scrisse egli stesso molte storie, per riempire la rivista e aumentare il suo stipendio.",240
241542,Nell'ultimo numero c'è un Referendum sullo stato di salute della rivista stessa.,241
240966,"Alla fine dell'anno avviene la defezione di Prezzolini, che si trasferisce a Roma.",242
244328,"Il giornale venne venduto a Hearst Corporation nel 1972, che pubblicava il rivale American Record.",243
241225,Negli anni novanta la rivista continuò ad essere un punto di riferimento del settore.,244
243446,"Con questa squadra, trasformò le pagine di Vogue in un grande spettacolo artistico e sofisticato.",245
249372,Nel maggio 1970 Colonna di Paliano divenne presidente della catena di grandi magazzini La Rinascente.,246
246941,Ciò rese l'Estonia il primo paese ad avere relazioni con i sovietici bolscevichi.,247
248405,"L'anno dopo fu al servizio della Spagna, per cui combatté in diverse battaglie.",248
250407,Scrisse anche un contributo per la bibliografia del parlamentoPerplessità e riserve sulla riforma dei bilanci.,249
250187,"Era il figlio di Henry Brand, I visconte Hampden, e di sua moglie, Eliza Ellice.",250
247212,Abelli è stato capogruppo di Forza Italia nel consiglio regionale della Lombardia dal 2005.,251
251488,"Eletto deputato all'Assemblée nationale nel 1993, è il deputato più giovane della legislatura.",252
246219,"C., riuscì ad impadronirsi di Argo, che si era ribellata all'arrivo delle truppe macedoni.",253
247031,"Il mandato terminò tuttavia pochi mesi dopo, a causa della vittoria elettorale della CDU.",254
257938,"Il distretto di Yaurisque è uno dei nove distretti della provincia di Paruro, in Perù.",255
256044,"Secondo lo United States Census Bureau, ha un area totale di 1,00 miglia quadrate.",256
255497,"Csáfordjánosfa è un comune di 244 abitanti situato nella provincia di Győr-Moson-Sopron, nell'Ungheria nordoccidentale.",257
254598,"L'abitato venne fondato dai fratelli Pancracio, Nicolás, Ezequiel'e Sinforoso Vargas nel 1794.",258
256087,Appartiene al circondario di Bad Kreuznach ed è parte della comunità amministrativa di Kirn-Land.,259
259774,"Anche nell'inverno 2008-2009 partecipa alla GP2 Asia, vincendola, e nel 2009 al campionato GP2.",260
258585,La Tyrrell fa nuovamente doppietta nel Gran Premio di Germania al Nürburgring il 1o agosto.,261
258469,Suo figlio Tim è stato anche un pilota di Formula 1 con scarsa fortuna.,262
258896,Il 1997 cominciò con le premesse del 1996 ed ebbe le stesse conclusioni deludenti.,263
259710,"Il 1968 fu, invece, un anno tormentato sia per il pilota, che per la scuderia.",264
263629,Nei giorni seguenti Rosberg si scusò pubblicamente con Hamilton prendendosi la responsabilità per la collisione.,265
264335,"La stazione risulta essere molto trafficata, vista la sua popolarità tra i pendolari della zona.",266
267289,Dal 15 dicembre 2013 la stazione è fornita da un sottopassaggio munito di ascensori.,267
269233,"La stazione è stata inaugurata in concomitanza con la ferrovia, il 10 agosto 1924.",268
264270,Globalmente la stazione possiede due ingressi a cui si aggiungono tre accessi diretti ai binari.,269
273798,Sopra l'altare è posta una copia della Vergine nera di Częstochowa risalente al 1720.,270
270967,"La richiesta viene accolta, ma non sarà poi messa in pratica, probabilmente per motivi economici.",271
273085,"Le pareti eran ricoperte da immagine votive, tranne il presbiterio che fu affrescato nel 1700.",272
272889,Nel 1985 la sinagoga fu chiusa e cominciarono lunghi anni di abbandono e furti.,273
273278,Notevole è l'apparato decorativo delle sei cappelle che si aprono sulla sinistra della chiesa.,274
270196,"Il campanile è una torre pendente è infatti inclinato di circa 1,4° in direzione Est-Sud-Est.",275
272400,"Nel 1927 venne ripristinata la facciata, che riflette le linee del sezionamento delle navate.",276
280438,Scorre poi lungo il confine con Meduna di Livenza e la provincia di Treviso.,277
276352,Il Cando o Rio Cando è un piccolo torrente della Repubblica di San Marino.,278
280187,"Più a valle sbocca nel Cigüela, da sinistra, molto vicino agli Ojos del Guadiana.",279
277219,"Dopo 104km di corso il fiume sfocia nel Jijia, vicino alla città di Chiperești.",280
279836,"La Bol šaja è un fiume della Russia europea meridionale, affluente di sinistra della Kalitva.",281
279151,Il fiume ha una portata d acqua tra i 2 ed i 1500 m3/s.,282
282905,Le dimensioni della carreggiata sono poco più ampie di quelle di una normale strada statale.,283
286168,Il tracciato prosegue fino al raggiungimento del litorale che costeggia ininterrottamente fino al suo termine.,284
283488,"Il rimanente tratto, da Rezzato a Limone sul Garda, è invece rimasto all'ANAS.",285
282532,"Superato lo svincolo di Cosenza, l'autostrada attraversa le varie montagne in direzione Altilia.",286
285081,"È parte dell'itinerario che congiunge Berlino alla Slesia, proseguendo in territorio polacco come A18.",287
287529,La strada ha origine dallo svincolo di Castellammare del Golfo sull'A29 Palermo-Mazara del Vallo.,288
291428,Processione di San Ferdinando D Aragona con le reliquie per le vie di Alvignano,289
290022,I successivi miracoli sono indicati nella lista dei capitoli all Historia Miraculorum della Vita II.,290
288214,Ben presto incominciarono a circolare voci sulla sua intensa fede e si parlava di miracoli.,291
291374,"Le reliquie di San Claudio vennero arse nel marzo 1794, durante la Rivoluzione Francese.",292
293764,Sempre il 25 ottobre viene festeggiato a Monti di cui è anche Santo patrono.,293
296646,"Il 24 marzo un convoglio entra nel campo, con la perdita dei cacciatorpediniere e.",294
297610,"Mentre transitava nel canale Kaiser Wilhelm il 14 marzo 1917, la Kaiserin si arenò.",295
299168,"Esse si ritirarono subito dopo, lo Yugiri trainando lo Shirakumo rimasto senza energia motrice.",296
296963,A partire dal 1944 la nave fu utilizzata nel Pacifico per scortare le portaerei.,297
297409,La nave fu infine smantellata nei cantieri Breda di Venezia nel 1923 o 1924.,298
297634,"Dopo aver raggiunto Malta l'11 settembre, la nave venne internata ad Alessandria d Egitto.",299
304880,"Conclusa la carriera di calciatore, ha intrapreso quella di allenatore nelle categorie dilettantistiche lombarde.",300
305457,Questa pagina raccoglie i dati riguardanti il Vålerenga Fotball nelle competizioni ufficiali della stagione 1999.,301
300996,"Tornato in Inghilterra, Musgrove diviene dal 1981 al 1984 l'allenatore dell'Exeter City.",302
301955,"Giocò con il Castilla, la squadra filiale del Real Madrid, dal 1974 al 1980.",303
302671,"Viene convocato per gli Europei 2016 in Francia, in sostituzione dell'infortunato Alan Dzagoev.",304
303510,Poi Giuseppe Viani lo fa esordire in Serie A il 20 marzo 1960 in Udinese-Milan.,305
301080,"Tentò così l'esperienza in Europa, ma non superò un provino sostenuto con il Sunderland.",306
309335,MariaDB si compila sia su processori a 32 bit sia su processori a 64.,307
310422,Questo sistema di plug-in è alla base di tutti i moderni software del genere.,308
307370,MTRG fa uso del protocollo SNMP per inviare due identificatori di oggetto a un dispositivo.,309
309124,Varie librerie sono state costruite sopra OpenGL per fornire funzionalità non disponibili in OpenGL stesso,310
308313,"Se dovessero sorgere problemi, VirtualBox ha un ricompilatore dinamico, come gli altri software di virtualizzazione.",311
311874,Il motore di Nessus 2 e una piccola quantità di plugin sono ancora GPL.,312
313573,"In virtù di questo fatto, la canzone viene chiamata abitualmente Sappy per evitare confusione.",313
316656,"Come lato B, il brano è arrivato alla 53a posizione di Billboard Hot 100.",314
312983,"Elton si cimenta a raggiungere note abbastanza alte, in special modo durante il ritornello.",315
313679,Queste tornano poi udibili a partire dal minuto 437 fino alla chiusura del brano.,316
319314,"La famiglia ricorda i ragni appartenenti a quella, tuttora esistente, dei Leptonetidae e degli Ochyroceratidae.",317
323775,"In particolare, il Darwinopterus robustidens sembra essere stato uno specialista nel cibarsi di coleotteri.",318
321421,Carollia castanea è un Pipistrello della famiglia dei Fillostomidi diffuso nell'America centrale e meridionale.,319
320690,"In Italia, la famiglia è rappresentata solo nel Nord, con la specie Cylindrotoma distinctissima.",320
322798,"È possibile che condividesse l'habitat con altri grossi artropodi nuotatori, come Isoxys e Zhenghecaris.",321
321016,"La pupa dectica è sempre definita anche exarata, ossia possiede appendici libere e distaccabili.",322
325887,"Nel corso degli anni fu modificata la struttura dello stadio, ampliando la capacità dello stadio.",323
328714,"Dagli anni 1980, lo stadio ha ospitato per sei volte la nazionale calcistica italiana.",324
325253,Nel 2014 lo stadio è stato ampliato in modo da contenere fino a spettatori.,325
328158,Lo stadio ospita anche gli incontri della Nazionale di rugby a 15 della Svizzera.,326
324650,"Lo Estadio Ruta de la Plata è uno Stadio situato a Zamora, in Spagna.",327
324737,Al suo interno nel 2004 è stato aperto un museo dedicato alla storia dell'Amburgo.,328
328110,Sarebbe il terzo campo dopo l'Estadio La Cabañera e lo Stadio San Jorge.,329
332607,"La divisa casalinga era completamente rossa, a strisce verticali nere, pantaloncini neri e calzettoni rossoneri.",330
332398,Questa voce raccoglie le informazioni riguardanti la Pallavolo Chieri nelle competizioni ufficiali della stagione 2003-2004.,331
334176,"La divisa casalinga era costituita da una maglietta a strisce rossonere, pantaloncini e calzettoni neri.",332
331027,Questa voce raccoglie le informazioni riguardanti il FC Tokyo nelle competizioni ufficiali della stagione 2008.,333
334526,Questa voce raccoglie le informazioni riguardanti il Sorrento nelle competizioni ufficiali della stagione 1980-1981.,334
340722,"Tuttavia i Rybaxel perderanno di nuovo contro i loro avversari, Cody Rhodes e Goldust.",335
339288,"Lo Shield ha quindi cominciato ad attaccare Kane, salvo ritirarsi quando gli Usos sono intervenuti.",336
338008,Il Comitato Olimpico Capoverdiano venne creato nel 1989 e riconosciuto dal CIO nel 1993.,337
339192,"Portabandiera alla cerimonia d apertura è stata la trentottenne Valentyna Ševčenko, alla sua quinta Olimpiade.",338
337801,"Anche se era ovviamente per attaccare la Kru, Konnan ha rifiutato la fiducia di Kip.",339
337903,Segue la rosa delle giocatrici convocate per i XVII Giochi i piccoli stati d Europa.,340
343025,Nel luglio 2006 ha reso pubblico il suo fidanzamento con la cantante australiana Candice Alley.,341
344851,"Nei 50m stile libero invece non riuscirà a raggiungere la finale, nuotando in 2502.",342
342832,Dati aggiornati alla conclusione dei Campionati europei di nuoto in vasca corta 2009 di Istanbul.,343
347017,"Durante la manifestazione prese parte anche alle finali dei 200,400 e 800m sl.",344
347444,Specializzato nella farfalla ha partecipato alle Olimpiadi di Atlanta 1996 e di Sydney 2004.,345
342144,Alle Olimpiadi di Atene nel 2004 è arrivato settimo nella finale dei 200m farfalla.,346
345166,Ha gareggiato nel 100 metri dorso maschile e a pallanuoto alle Olimpiadi estive 1948.,347
349483,In Italia è stata trasmessa dal 1981 su reti locali con il titolo Koseidon.,348
350281,"È una sitcom a sfondo drammatico incentrata sulle vicende dei Drombusch, una famiglia di Darmstadt.",349
353168,"Prikoly na peremenke è una serie televisiva russa, adattamento dell'italiana Quelli dell'intervallo.",350
349018,James Poniewozik sul TIME la definì «splendidamente realizzata» e meglio focalizzata rispetto alla prima stagione.,351
348235,"La serie è ambientata in Sicilia, ma è stata quasi interamente girata in Puglia.",352
348182,"I primi due film TV sono stati trasmessi dalla NBC, il terzo dalla CBS.",353
355430,L’8 gennaio 2018 inizia la settima edizione sempre con la conduzione di Paolo Bonolis.,354
356124,Questo format era già stato sperimentato nel novembre 2007 ma abbandonato dopo poco tempo.,355
354161,Dal 2 maggio 2016 lo spazio dedicato al TG5 non va più in onda.,356
354206,L'elenco che segue concerne invece le puntate realizzate durante la gestione di Giovanni Minoli.,357
354929,Astrolove è un programma televisivo che fa parte del palinsesto di Real Time dal 2013.,358
358910,In questo programma la conduttrice per lanciare il riepilogo dei progetti usa dire Ricap!.,359
360599,Agli US Open esce al primo turno di qualificazioni contro la greca Maria Sakkari.,360
365950,Nonostante la sconfitta toccò il suo best ranking della carriera salendo fino alla seconda posizione.,361
365970,"Fino alla finale l'Errani, partendo dalle qualificazioni, ha incontrato solo tenniste americane battendole tutte.",362
360192,Anche a Los Angeles raggiunge la semifinale in cui viene sconfitto da Stefan Edberg.,363
363383,"In carriera ha vinto un titolo nel singolare, il WTA Swiss Open nel 1976.",364
360660,"Ha raggiunto la 27a posizione della classifica mondiale nel settembre 2016, suo attuale best ranking.",365
370083,Dal 1998 la Libera università di lingue e comunicazione IULM porta il nome attuale.,366
371454,"L Accademia ha correntemente circa 900 studenti, almeno un quarto di essi è straniero.",367
366511,"La Middlesex University è un università che si trova nel nord di Londra, Inghilterra.",368
371792,"Attualmente, i Membri dell'ICRANet sono quattro stati e tre università e centri di ricerca.",369
370838,L'università è governata da un consiglio di facoltà e da un consiglio d amministrazione.,370
366937,Nel periodo 1874-1961 è stata l'unica università del paese ad attribuire titoli accademici.,371
373915,I Big Daddy sono i grossi protettori rinchiusi in scafandri corazzati che vigilano sulle Sorelline.,372
376031,"Al contrario di Xiaomu, Saya è dalla parte dell'organizzazione rivale della Shinra Ouma.",373
374926,Questo è tuttavia l'unico capitolo in cui Lara non guida veicoli di alcun tipo.,374
374245,"Il gioco contiene una versione elettronica de Il volo del calabrone, di Nikolai Rimsky-Korsakov.",375
375245,Bomberman è l'unico che può fronteggiare Wario e riportare l'equilibrio nel suo mondo.,376
373856,"Realizzato nel 2002, Crusader riscosse subito un grande plauso fra i fan del precedente capitolo.",377
381238,"Nella stagione 2006-07 torna in Germania, con il Dürener Turnverein 1847, debuttando in 1.",378
380693,"Per il campionato 2017-18 veste la maglia del Volley Milano, sempre in Serie A1.",379
382181,"Nel gennaio 2013 passa alla Pallavolo Motta di Motta di Livenza, sempre in Serie B1.",380
381433,"Giulia Pincerato inizia la sua carriera pallavolistica nella squadra giovanile di Legnaro, nel 1999.",381
378432,A soli 16 anni debutta in Serie A1 nel San Lazzaro Pallavolo nella stagione 1985-86.,382
379910,La carriera di İpek Soroğlu inizia nel 2002 tra le file del Galatasaray Spor Kulübü.,383
1589,"Sull'aeroporto andarono distrutti al suolo ulteriori 14 aerei, mentre un altro D.510 rimase danneggiato.",384
3519,"Caratterizzato dalla configurazione alare biplana, venne portato in volo per la prima volta nel 1924.",385
2757,Così per una seconda volta Salvesen rallentò il suo apparecchio segnalando al caccia di allontanarsi.,386
7313,"Nel 1960, venne votato come il più grande aeroporto del mondo dalla comunità mondiale aeronautica.",387
6525,L'aeroporto genera il 10% della ricchezza creata nell'Île-de-France e fornisce lavoro a dipendenti.,388
11032,"Così era abbastanza lunga per i Jumbo Jet, il primo atterrò il 12 luglio 1970.",389
11427,L'aeroporto è collegato con il centro di Fukuoka attraverso la Linea Kūkō della metropolitana.,390
10682,"Nata nel 1986, è sede dei velivoli Airborne Warning and Control System Boeing E-3 Sentry.",391
10209,Nel periodo dal 9 al 14 giugno 2009 è stato sede dei World Air Games.,392
7801,L'aeroporto di Rostov sul Don è un aeroporto internazionale civile di I categoria ICAO.,393
10276,L'aeroporto di Yiwu ha una pista lunga 2.500 metri e larga 45 metri.,394
9100,Durante il 2017 ha svolto i primi voli passeggeri operati da Qatar Airways e Emirates.,395
6273,Negli anni novanta l'Aeradria strinse accordi con la vicina Repubblica di San Marino.,396
6331,"Nel 1990 all'aeroporto sono transitati 952.457 passeggeri, il numero massimo nella sua storia.",397
6459,L'aeroporto è aperto dalle 0500 alle 1900 esclusi il sabato e la domenica.,398
12927,"Tomorrowland è il quarto album in studio del cantautore statunitense Ryan Bingham, pubblicato nel 2012.",399
13619,"Invisible è il terzo album in studio della cantante polacca Edyta Górniak, pubblicato nel 2002.",400
13333,"Dal disco vengono estratti tre singoli Sogno d estate, Anima di vento e L'orizzonte.",401
14093,Il brano Ti ricordi il cielo è stato scritto da Venditti insieme al cantautore Pacifico.,402
22228,Ellington fu scelto nel corso del sesto giro del Draft 2013 dagli Arizona Cardinals.,403
23759,Huff fu scelto nel corso del quarto giro del Draft 2014 dai Tennessee Titans.,404
21221,La sua prima stagione si chiuse con 8 ricezioni per 98 yard in 12 presenze.,405
22950,"Nella successiva fece registrare 9 tackle in 11 presenze, nessuna delle quali come titolare.",406
21220,Stafford fu scelto nel corso del settimo giro del Draft 2013 dai Tennessee Titans.,407
19451,Wolff fu scelto nel corso del quinto giro del Draft 2013 dai Philadelphia Eagles.,408
19476,Duper fu scelto nel corso del secondo giro del Draft 1982 dai Miami Dolphins.,409
18102,Watford fu scelto nel corso del quarto giro del Draft 2013 dagli Arizona Cardinals.,410
20280,"Dopo la conquista del secondo anello, Elway decise per il ritiro dall'attività agonistica.",411
19629,"Il 4 maggio 2012, Crawford firmò con la franchigia della capitale nordamericana un contratto quadriennale.",412
18633,Nel suo primo anno New England vinse la AFC East con un record di 10-6.,413
27018,Il paesaggio bucolico testimonia quel ritorno a temi giorgioneschi di Tiziano in quegli anni.,414
25458,"Di seguito, invece, si riporta il commento che lo stesso Gauguin fornì della sua opera",415
26562,Come nell'altra opera però anche qui il panneggio appare pesante e quasi schiacciante.,416
26094,Il monumento venne completato nel 1927 ed inaugurato il 28 luglio di quell'anno.,417
24253,"Tipiche dell'Angelico sono le proporzione allungate, con le dita della mano della Vergine affusolate.",418
28048,Va altresì osservato che la forma del Fuji viene riproposta all'interno delle onde stesse.,419
27487,"Il pannello centrale mostra un Giudizio Universale, basato sulla visione dell Apocalisse di Giovanni.",420
32942,In carriera si è laureata campionessa mondiale outdoor ed europea indoor dei 1500 metri piani.,421
30216,"2014, due volte vicecampionessa agli invernali di lanci nel disco ed agli assoluti nel peso.",422
35300,Sul finire della stagione partecipò alla IAAF Grand Prix Final svoltasi questa volta a Milano.,423
36704,Rispetto alla berlina a 2 porte si differenziava esteticamente per l'assenza del montante centrale.,424
37254,"Heinrich Nordhoff e Wilhelm Karmann avviarono il progetto nel 1951, senza ottenere risultati stilisticamente convincenti.",425
39742,Il freno a mano era del tipo meccanico ed agiva sulle sole ruote posteriori.,426
40127,"Il logo Fiat anteriore viene ridotto di un buon 30%, risultando dunque più piccolo.",427
36302,La Le Mans è una autovettura sportiva prodotta dalla Aston Martin dal 1932 al 1933.,428
47998,Prima di lui nei Celtics in gara-7 dei play-off c'era riuscito solo Larry Bird.,429
53064,Ayesha invita i suoi ospiti ad un ballo organizzato in loro onore la sera stessa.,430
51927,Una versione cinematografica del racconto è stata prodotta da parte della H.P.Lovecraft Historical Society.,431
57044,quattro grandi e a sei più piccoli e furono realizzati senza riferimenti a Versailles.,432
58464,"Il portego, ossia il salone da ricevimento, si sviluppa in corrispondenza della polifora di destra.",433
59990,"Dopo gli anni del conflitto, il casinò riapri ufficialmente la sera del 31 dicembre 1945.",434
60597,Il 19 gennaio 1347 fu eletto da suo cugino papa Clemente VI arcivescovo di Saragozza.,435
65998,Optò quindi per il titolo della Santissima Trinità al Monte Pincio dal 21 luglio 1653.,436
61770,La sua salma venne inumata nella chiesa di San Carlo al Corso a Roma.,437
60280,"Si formò presso l'università di Padova, di cui in seguito fu anche Riformatore.",438
60151,Dopo l'incoronazione i due cardinali riaccompagnarono l'imperatore fino ai confini dei domini pontifici.,439
62233,Nasce a Cagliari il 23 febbraio 1926 da una nobile famiglia sarda di origine piemontese.,440
63302,Il 14 dicembre 1959 fu promosso arcivescovo titolare di Emesa e arcivescovo coadiutore di Reims.,441
70438,"Phi4 Ceti è una stella gigante gialla di magnitudine 5,62 situata nella costellazione della Balena.",442
67369,"HD 153221 è una stella gigante gialla di magnitudine 6,02 situata nella costellazione dell'Altare.",443
67619,"Psi6 Aurigae è una stella gigante arancione di magnitudine 5,22 situata nella costellazione dell'Auriga.",444
66987,"Heintz ha inoltre tentato una stima della massa totale del sistema, risultata 0,78 M.",445
68855,"61 Ceti è una stella gigante gialla di magnitudine 5,96 situata nella costellazione della Balena.",446
66968,"HD 73599 è una stella gigante arancione di magnitudine 6,45 situata nella costellazione del Cancro.",447
69876,"HD 72752 è una stella gigante arancione di magnitudine 6,5 situata nella costellazione delle Vele.",448
72726,"In tal modo viene inibita sia la formazione di trombina, sia lo sviluppo di trombi.",449
76153,"Nell'industria dei derivati del petrolio viene aggiunto anche a vernici, lacche, resine e additivi.",450
74858,È una sostanza amara e si presenta sotto forma di polvere bianca e cristallina.,451
77642,La frequenza dei DTN è anche in funzione dello stato genetico dei genitori infatti,452
72431,In pazienti affetti da queste patologie un trattamento con ibuprofene deve essere eseguito con cautela.,453
75190,"Dal punto di vista alimentare appartiene alla categoria degli stabilizzanti, addensanti, gelificanti ed emulsionanti.",454
78030,Muore in un incidente stradale per collisione con un veicolo contromano il 20 novembre 1995.,455
81492,"Morì il 26 aprile 2005, consumato da un male che lo affliggeva da qualche tempo.",456
80876,Nel 1693 ricevette il suddiaconato e solo il 5 giugno 1700 prese gli ordini sacri.,457
89774,"Particolarmente importanti sono considerate anche le cravatte, realizzate secondo le antiche tradizioni dei cravattai napoletani.",458
84738,"TP-Link è stata fondata nel 1996 da due fratelli, Zhào Jiànjūn e Zhào Jiāxīng.",459
84440,Nel 2002 Accenture è stata premiata per la sua operazione di rebranding dalla Arthur W.,460
89210,"Alcuni possono essere programmati con un computer per eseguire procedure complesse, i LEGO Mindstorms.",461
85481,"Il 6 agosto 2012, CEVA ha annunciato i risultati finanziari relativi al secondo trimestre 2012.",462
93716,"L'ultimo Stato ex-sovietico ad aderire alla CSI fu la Georgia, il 3 dicembre 1993.",463
91673,Per la tutela della sicurezza la Romania si avvale di diverse forze di polizia,464
90472,"Non vengono usati utensili, invece si usa l'injera per raccogliere gli antipasti e contorni.",465
90795,Il 25 maggio 2009 la Corea del Nord ha effettuato un secondo test nucleare sotterraneo.,466
90160,"I conflitti militari, noti come le guerre persiane, furono guidati principalmente da Atene e Sparta.",467
98109,"Lo sprint è vinto da André Greipel, che sopravanza Julian Dean e Tiziano Dall'Antonia.",468
101751,"HC, si svolse il 4 aprile 2009 su un percorso totale di circa 191,4km.",469
99053,"Venne vinta dal kazako Aleksandr Vinokurov, al traguardo con il tempo di 6h37 48.",470
97949,Partenza a Plouay con 128 ciclisti di cui 88 portarono a termine il percorso.,471
101549,Partenza a Bruges con 245 corridori; 73 di essi portarono a termine il percorso.,472
98853,"Fu vinta dal britannico Peter Kennaugh, al traguardo con il tempo di 4h04 59.",473
100164,"I maggiori favoriti della corsa, soprattutto velocisti puri, sono di fatto esclusi dalla vittoria finale.",474
101279,"Partenza a Zagarolo con 104 ciclisti, dei quali 64 portarono a termine il percorso.",475
97233,"Sul traguardo di Münster 109 ciclisti, su 120 partenti, portarono a termine la competizione.",476
100177,"Fu vinta dal britannico Adam Blythe, al traguardo con il tempo di 4h16 50.",477
96943,"Fu vinta dal tedesco Rüdiger Selig, al traguardo con il tempo di 4h21 35.",478
99703,"Fu vinta dal tedesco Erik Zabel, che terminò con il tempo di 7h11 29.",479
97609,Partenza a Varese con 177 corridori; 56 di essi portarono a termine il percorso.,480
101019,"Partenza a Fiorano Modenese con 144 cicllisti, di cui 48 portarono a termine il percorso.",481
101856,"Partenza a Putte con 158 ciclisti, di cui 113 portarono a termine il percorso.",482
99235,"Fu vinta dall'italiano Alessandro Petacchi, al traguardo con il tempo di 4h53 00.",483
105399,"Nel 2005 corse la Classique des Alpes dove arrivò secondo, battuto solo da Alexandre Pliuschin.",484
102418,"Professionista dal 1946 al 1953, è stato il fondatore dell'omonima impresa produttrice di biciclette.",485
107804,"Professionista dal 1999 al 2007, conta la vittoria del Grand Prix de Ouest-France nel 2003.",486
104327,Corse per la Valante nel 1904 e come individuale tra il 1905 ed il 1913.,487
103890,"Nel 1968 partecipò alla sua prima Vuelta a España, piazzandosi secondo in due tappe.",488
111485,"La medaglia della Corona del Re Zvonimiro aveva tre gradi argento, bronzo e ferro.",489
110903,Questa medaglia è stata conferita anche ad alcuni membri delle forze piemontesi e francesi alleate.,490
111075,L Ordine del re George Tupou I era un ordine cavalleresco del regno di Tonga.,491
111083,L Ordine della Corona di Tonga è un ordine cavalleresco del regno di Tonga.,492
108948,L'ordine disponeva di una serie di ben 18 classi di benemerenza così ripartite,493
111182,Da questa dipende il corpo militare ausiliario comandato da un generale dell'Esercito Italiano.,494
113281,La medaglia per il lavoro in agricoltura è un premio statale della Federazione Russa.,495
119815,"Sede arcivescovile è la città di Besançon, dove si trova la cattedrale di San Giovanni.",496
114050,Poco dopo il 1188 la diocesi incorporò la maggior parte della soppressa diocesi di Inniscathy.,497
119568,L'11 dicembre dello stesso anno ha assunto il nome attuale di diocesi di Ekiti.,498
116304,"Sede vescovile è la città di Palangkaraya, dove si trova la cattedrale di Santa Maria.",499
114580,"Dopo l'ondata rivoluzionaria, principale compito dei vescovi nell'Ottocento fu la formazione dei preti.",500
119699,"Sede vescovile è la città di Goma, dove si trova la cattedrale di San Giuseppe.",501
114151,"Sede vescovile è la città di Latacunga, dove si trova la cattedrale di San Vincenzo.",502
118052,Il 15 luglio 1950 entrò a far parte della provincia ecclesiastica dell'arcidiocesi di Karachi.,503
119898,"Sede vescovile è la città di Chikwawa, dove si trova la cattedrale di San Michele.",504
114877,"Sede vescovile è la città di Rafaela, dove si trova la cattedrale di San Raffaele.",505
118360,Maiorca fu conquistata il 31 dicembre 1229 e subito incominciò la cristianizzazione dell'isola.,506
125938,La pitiriasi versicolor è una malattia cronica e persistente e di norma non guarisce spontaneamente.,507
122755,A seguito alla diagnosi della sindrome non si rende necessario alcun tipo di follow up.,508
122415,"In altri testi invece, soprattutto quelli più recenti, è sviluppato ampiamente come entità nosologica.",509
121066,"Il virus parainfluenzale umano produce tipicamente un infiammazione del naso, della gola e dei bronchi.",510
121135,"La forma biliare è più frequente nelle donne, mentre la forma alcolica predomina negli uomini.",511
123793,"Dato che il trattamento dei denti è piuttosto complesso, l'approccio migliore è quello multidisciplinare.",512
122677,Questo crea un microambiente tumorale scarsamente vascolarizzato e quindi con poca presenza di ossigeno.,513
124825,Si dispone di un certo numero di farmaci che risultano efficaci contro la scabbia.,514
121456,La fibrosi cistica rappresenta la prima patologia genetica chiarita rigorosamente dal processo di genetica inversa.,515
127824,Il cane da pastore di Vallée è un cane del gruppo pastori e bovari.,516
131223,"Le Zampe devono essere rotonde e con dita corte, forti, ben arcuate e ben serrate.",517
127037,"In Gran Bretagna, per esempio, è consentito il possesso solo di esemplari registrati e castrati.",518
129237,"L'unico colore ammesso è il bianco, mentre qualsiasi altra sfumatura viene rifiutata categoricamente.",519
130250,"La coda è moderatamente lunga e attaccata sulla linea del corpo, mai ricurva sul dorso.",520
130845,"Di conseguenza l'Utonagan, con l'avanzare dell'età, potrebbe avere problemi di salute.",521
129448,Alcuni sostengono che i primi esemplari arrivarono in Inghilterra a seguito di tessitori fiamminghi.,522
126660,Il dogo canario è una razza di cane di tipo molossoide proveniente dalla Spagna.,523
131828,"Con pelo raso intorno, sono preferibilmente scuri, tondeggianti, di media grandezza, con taglio orizzontale.",524
129915,Lo standard del Clube Português de Canicultura approvato dalla FCI è stato pubblicato il 04.11.2008.,525
130292,"Gli occhi ben distanziati, molto espressivi, non sporgenti, perfettamente scuri sono caratteristiche molto apprezzate.",526
134906,"La lingua bru orientale nel paese si suddivide nei dialetti Leun, Tri e Mangkong.",527
136987,"Gli usbechi, inoltre, fanno parte dei 56 gruppi etnici riconosciuti ufficialmente dalla Repubblica popolare cinese.",528
133069,"Nel 2002 si tenta di approvare la legge della Regione, che però fu respinta.",529
132206,In Nuova Zelanda e in Finlandia esiste un programma scolastico ed universitario per sordi.,530
140217,"Dopo l'incursione finale tra Terra-616 e Terra-1610, l'universo viene ripristinato da Mr.",531
138833,Altro cambiamento dopo la terza stagione è la vistosa cicatrice sulla parte sinistra della gola.,532
143821,"Non avendo trovato nulla nella fattoria di Garrow, gli stranieri la distruggono e uccidono Garrow.",533
141163,La crudeltà di Devil Jin è testimoniata pure da un episodio riguardante Tekken 5.,534
140045,"Ner zhul, però, decise di aprire diversi portali verso altri mondi da poter conquistare.",535
138068,Dopo una tempesta in aereo dove Meredith e Nathan stavano andando a un congresso.,536
142218,"Per provargli la sua lealtà, si strappò un occhio per somigliare a suo padre.",537
139072,Alla fine riesce a sconfiggere gli avversari con facilità senza nemmeno muoversi dalla sua posizione.,538
141276,"Nonostante fosse grandemente depotenziato, Conner combatté coraggiosamente e riuscì a difendersi per qualche tempo.",539
146808,"Flora avvolge il pallone di energia rosso-nera, creando un grande sfera e tirandola in porta.",540
149666,Il giglio della palude è un film muto italiano del 1912 diretto da Roberto Danesi.,541
146427,The Brave Deserve the Fair è un cortometraggio muto del 1915 diretto da Tom Mix.,542
149728,La vergine dell harem è un film muto del 1926 diretto da Raoul Walsh.,543
148091,Polly of the Follies è un film muto del 1922 diretto da John Emerson.,544
145920,Where the Road Forks è un cortometraggio muto del 1913 diretto da Thomas Ricketts.,545
147945,The Three Shell Game è un cortometraggio muto del 1911 diretto da Allan Dwan.,546
152501,"Rappresentate da carte di forma quadrata, si distinguono in Fanteria, Artiglieria, Cavalleria e Aerei.",547
153879,Il gioco venne commercializzato a partire dal 1935 da una nuova casa editrice Editrice Giochi.,548
155746,La stirpe di un lupo mannaro determina in parte la sua gnosis o consapevolezza spirituale.,549
150422,"Questo mondo, detto Chancel, ospita sia i loro corpi fisici che il loro riflesso spirituale.",550
158742,"Vi restò per quattro stagioni fino al 2011, totalizzando 105 punti in 128 gare disputate.",551
159175,"È nipote di un altro giocatore simbolo dell hockey su ghiaccio milanese, Giancarlo Agazzi.",552
157009,Con la Repubblica Ceca Straka vinse anche il campionato mondiale del 2005 giocato in Austria.,553
159721,Louis Blues ma giocò per diversi mesi in AHL nel farm team dei Providence Reds.,554
166000,Il terreno dell'isola è mediamente collinoso con numerose strade fangose e tratturi per pecore.,555
162842,Prendono il nome dal navigatore portoghese Pedro Mascarenhas che per primo scoprì Riunione nel 1513.,556
167481,"Dalla più settentrionale alla più meridionale, storicamente le isole dei Pinguini sono le seguenti",557
165557,"A causa del terreno desertico, non c'è alcun tipo di piante e di vegetazione.",558
162645,Sulla costa occidentale si trovano i resti di un antica torre di difesa araba.,559
170891,In giapponese il caso dei sostantivi è sempre espresso attraverso la posposizione di particelle.,560
168213,"È inoltre ufficiale, a livello regionale o comunale, in alcune aree di Croazia e Slovenia.",561
170132,Il mandaico o mandeo è essenzialmente l'aramaico babilonese medio scritto in un altro sistema.,562
168155,I verbi possono anche diventare aggettivi il participio presente si forma aggiungendo -nte al verbo.,563
173789,"La lingua lingala o mangala, è una lingua bantu parlata nella Repubblica Democratica del Congo.",564
169352,Contemporaneamente il Goguryeo può essere considerato la prova dell'appartenenza del coreano alle lingue altaiche.,565
175416,"Alexanderplatz è una stazione della metropolitana di Berlino, sulle linee U2, U5 e U8.",566
174370,"Avenue U è una fermata della metropolitana di New York, situata sulla linea BMT Brighton.",567
174202,"È stata inaugurata il 15 giugno 1991, ed è stata capolinea fino al 1997.",568
179921,"Tiburtina è una stazione della Linea B della Metropolitana di Roma, situata nel quartiere Pietralata.",569
177529,"Bowery è una fermata della metropolitana di New York, situata sulla linea BMT Nassau Street.",570
175255,"Broadway è una fermata della metropolitana di New York, situata sulla linea BMT Astoria.",571
178663,"Milo è una stazione sotterranea della metropolitana di Catania, nel tratto tra Borgo e Nesima.",572
183770,"Il primo ministro Thatcher nel dare la notizia alla stampa, disse Semplicemente gioite alla notizia!",573
190058,Suo fratello si distinse anche lui nei combattimenti e venne nominato capitano di vascello.,574
187628,Il suo successivo spostamento avvenuto il 10 novembre 1916 lo vedrà membro della Jagdstaffel 11.,575
190211,"Fu giustiziato per impiccagione il 13 settembre 1946 a Cracovia, vicino al campo di Płaszów.",576
191733,Nel 1933 viene promosso Capitano passando in servizio presso il 12o Stormo Bombardamento Terrestre.,577
190612,Dopo la fine delle guerre di liberazione fu inviato in molte missioni diplomatiche all'estero.,578
192903,Con il 2o Reggimento genio guastatori alpino è uno dei due reggimenti guastatori alpini.,579
194997,"Nel 1449 si ribellarono per la prima volta, chiedendo e ottenendo paghe più alte.",580
196530,"Di conseguenza, un altro disegno di legge è stata adottata il 24 marzo 1908.",581
200544,"Il minerale è stato trovato nella pegmatite di Skogböle, nella regione di Kimito in Finlandia.",582
202068,La ferri-katophorite è stata trovata sotto forma di cristalli prismatici lunghi fino a 7 mm.,583
202018,L'origine della carpathite ha a che fare con la catalisi di minerali di mercurio.,584
199623,La potassic-magnesio-hastingsite è stata scoperta sotto forma di cristalli prismatici lunghi fino a 2–3cm.,585
201966,"La langite è un minerale, solfato basico e idrato di rame appartenente al gruppo omonimo.",586
203153,La Canfieldite è una raro minerale con formula AgSnS appartenente al gruppo dell'argirodite.,587
198358,Solubile in acido cloridrico; in tubo chiuso dà HO e assume una colorazione giallo intensa.,588
203135,"La farmacolite è un minerale, un arseniato acido idrato di calcio appartenente al gruppo omonimo.",589
201546,"In questo ambiente, oltre alla zugshunstite-, sono state scoperte anche la coskrenite- e la levinsonite-.",590
206883,"Pataliputra continuò ad essere la capitale principale, ma Ujjain divenne una sorta di seconda capitale.",591
204598,"Il re morì il 31 luglio 1750, dopo più di quaranta anni di governo.",592
209807,"La pace tornò agli inizi del 1620, ma la tensione si trascinò negli anni successivi.",593
208512,Pio Franchi de Cavalieri nacque a Veroli da nobile famiglia romano-verolana il 31 agosto 1869.,594
205505,"Morì di leucemia nella capitale egiziana nell'autunno del 1988, all'età di 67 anni.",595
207592,"Per tali motivi, dopo aver generato un figlio ed erede, i coniugi si allontanarono.",596
213636,"Nel 1971 ottenne la sua prima vittoria iridata, in occasione del GP di Spagna.",597
214439,Nel 2010 si è classificato al quinto posto del Lucas Oil'AMA PRO Motocross Championship.,598
212005,"Al termine della gara disputata su una Kawasaki, si è classificato in 11a posizione.",599
213983,Dal 2012 ha ricoperto la carica di direttore sportivo del team Puccetti Racing Kawasaki.,600
212188,Nel 1987 il miglior risultato è un settimo posto nel gran premio di Monza.,601
210266,"Negli ultimi anni di partecipazione ha però guidato anche mezzi di Honda, Yamaha e Aprilia.",602
215113,Il suo posto viene preso dall'australiano Troy Bayliss proveniente dal campionato AMA Superbike.,603
213614,Nel motomondiale si è laureato campione del mondo per 3 stagioni consecutive nella classe 50.,604
217321,In un documento del 1062 è citata per la prima volta la Petra de Bismanto.,605
218487,Inoltre a Ronco Scrivia è stata istituita una commissione ambiente che ha dato parere favorevole.,606
219613,Ai piedi del monte vi è l'ex rifugio Melano conosciuto oggi come Casa Canada.,607
220003,"Inoltre appartiene anche al più grande Dolomiti Superski, il più esteso carosello sciistico d Europa.",608
218162,La sola eruzione della quale si abbia notizia in epoca storica avvenne nel 1961.,609
217199,La Becca Rayette è una montagna delle Alpi del Grand Combin nelle Alpi Pennine.,610
221736,"Dopo la Grande Guerra, l'alpinismo si avvia all'epoca eroica del sesto grado.",611
227062,"Il Museo Doria nasce da un idea e sotto gli auspici, specialmente finanziari, del fondatore.",612
224892,"Nello stesso convento è ospitato anche il Museo civico Aufidenate, museo a carattere archeologico.",613
223074,"Le dimensioni della tela, comunque, la vorrebbero più proveniente dall'altare di una piccola cappella.",614
226110,"Un altro modello unico presente, è il carro armato Obyekt 279, sviluppato nel 1957.",615
228602,Hite Morgan si mostrò disponibile e disse ai Pendletones di richiamarlo quando fosse finita.,616
230217,"Amici di vecchia data, Townshend ed Entwistle formarono nel 1962 un gruppo Dixieland, The Confederates.",617
230299,Nello stesso anno si esibiscono come pop rock band alla Casa Verdi di Milano.,618
228445,"Lo stesso Burns si è dichiarato disgustato dall'operazione, e si dice abbia detto",619
233426,"Inizialmente scettica, Tila poi accetta l'offerta di collaborazione e si trasferisce a West Hollywood.",620
231120,"La band ha pubblicato il loro secondo album, Animal'Attraction, il 5 ottobre 2011.",621
233266,Nel 2013 escono altri due singoli firmati Ego Wild Child e Over my head.,622
230645,"I The Spaceshits, come i Powersquats, erano molto conosciuti per le loro violente esibizioni.",623
229328,"Dall'album vennero estratti due singoli per il mercato britannico, Absolut e Kiss Like Ether.",624
234558,HCM è uno dei più rispettati dj che suonano puro suono Terror vecchio stile.,625
239508,"In alcuni sottogeneri dell hip hop, un rapping a battiti lenti è spesso ritenuto fondamentale.",626
239687,L'industrial rock degli anni ottanta pose i presupposti per lo sviluppo dell'industrial metal.,627
236532,"Sembra che l'origine del bolero si debba ricercare nella contradanza, ballo del Settecento.",628
235205,Pochi gruppi sono anche conosciuti per inglobare stili di generi estranei all heavy metal.,629
239906,"Tra questi, ci sono i Subway to Sally, i Morgenstern e i Letzte Instanz.",630
241723,"Successivamente, i rilevanti costi di gestione impongono il termine dell'esperimento a fine luglio.",631
240842,"l'Unità è stato un quotidiano italiano, fondato il 12 febbraio 1924 da Antonio Gramsci.",632
242438,"Rilevò una testata che aveva chiuso in febbraio, e ne fece un quotidiano politico.",633
244405,"Dal 2008 la rivista ha anche una sua trasmissione radiofonica, Onde selvagge, su Radiopopolare Roma.",634
248792,"all 11 dicembre 2003, quando è decaduto a seguito di un ricorso per ineleggibilità.",635
246495,"Sposò, il 22 gennaio 1614, Ana Enríquez de Cabrera, figlia di Luis Enríquez de Cabrera.",636
246213,"Di origini italoamericane, LoBiondo lavorò per ventisei anni in un azienda a conduzione familiare.",637
249346,Presto gli studi e l’impegno politico hanno avuto convergenza nell’interesse per le politiche di welfare.,638
247643,"Così, l'8 ottobre 1835 i due si sposarono Raffaella aveva appena diciassette anni.",639
251718,"Il procedimento penale si concluse solo nel febbraio 1998, comportando la prescrizione del reato.",640
254686,"Wayne è una contea dell'area sud-orientale dello Stato del Michigan, negli Stati Uniti.",641
252410,Il lago si trova all'interno della riserva naturale dei Laghi di Doberdò e Pietrarossa.,642
258437,Nel 1990 vince anche la 24 Ore di Daytona al volante della Jaguar XJR-12.,643
262116,La squalifica di Prost gli permise comunque di ottenere il primo punto dell'anno.,644
268734,Nel 2002 la stazione risultava impresenziata insieme ad altri 25 impianti situati sulla linea.,645
265633,La stazione di Ornavasso è una fermata ferroviaria situata nell'omonimo comune in Piemonte.,646
268083,Al 2002 la stazione risultava presenziata mentre complessivamente 5 erano gli impianti impresenziati sulla linea.,647
266458,La stazione di Gela Anic'è una fermata ferroviaria posta sulla linea Caltanissetta Xirbi-Gela-Siracusa.,648
265242,"La stazione di Codevilla, posta lungo la ferrovia Voghera-Varzi, serviva il comune di Codevilla.",649
269908,La stazione di Due Maestà era una fermata ferroviaria posta sulla linea Reggio Emilia-Sassuolo.,650
267263,Nel 1883 Annemasse venne collegata a La Roche-sur-Foron e l'anno dopo a Annecy.,651
265361,La stazione di Horsens è una stazione ferroviaria a servizio dell'omonima città danese.,652
266317,La stazione è costituita da 2 binari passanti in superficie con due marciapiedi laterali.,653
274401,"Qui vennero ospitati, tra gli altri, Pietro Aretino, Giovanni Della Casa e Gaspara Stampa.",654
272576,"Grazie ai frati agostiniani, il culto della Madonna del Soccorso si estese in tutta Italia.",655
271488,"Dopo la nuova occupazione musulmana, tornò ad essere cattedrale nel 1227, con l'intitolazione attuale.",656
274425,"Su di essa insiste l'omonima parrocchia, affidata al clero diocesano dell'arcidiocesi di Firenze.",657
272358,"Ad eccezione del prospetto parallelo al portico, con pietra a vista, esso è interamente intonacato.",658
280875,"La Tanlova è un fiume della Russia siberiana nordoccidentale, affluente di destra del Nadym.",659
281548,"La Moma è un fiume della Russia siberiana nordorientale, affluente di destra della Indigirka.",660
278818,"Inoltre, il flusso varia su base stagionale a seconda del fabbisogno delle utenze agricole.",661
281103,"Il Turuchan è un fiume della Russia siberiana nordoccidentale, affluente di sinistra dello Enisej.",662
277094,"Fra i principali affluenti sono Kulynigol, Sabun, Kolikegan da destra, Bol šoj Megtygegan da sinistra.",663
278332,Questi – come anche i successivi laghi – appartengono alla piana dei laghi del Meclemburgo.,664
279713,"La Čepca è un fiume della Russia europea nordorientale, affluente di sinistra della Vjatka.",665
280075,"La Tara è un fiume della Russia siberiana occidentale, affluente di destra dell'Irtyš.",666
278214,"Il Borulach è un fiume della Russia siberiana nordoccidentale, affluente di sinistra dell'Amga.",667
286741,La route nationale 77 in Francia è una strada che collega Auxerre a Troyes.,668
284647,Solamente nel 1984 l'autostrada A22 riuscì ad avere il suo primo utile di esercizio.,669
282085,Lungo questa strada vicino alla città di Casper il dirupo Hell s Half Acre.,670
282058,A questa diramazione la concessionaria ATIVA ha assegnato il soprannome di autostrada del Pinerolese.,671
282504,La strada statale 106 var/C Variante di Nova Siri è una strada statale italiana.,672
286548,La strada provinciale 23 della Principessa è una strada extraurbana nella provincia di Livorno.,673
286864,Dopo qualche chilometro sulla destra vi è un bivio con la strada per Niccioleta.,674
288350,"Ciò spinse Gelasio II ad andare ancora una volta in esilio, questa volta a Benevento.",675
292766,Il ritrovamento del corpo calmò gli ardenti bollori e mise fine alla Guerra dell'Anello.,676
299963,Nel marzo 1918 assunse il comando del sommergibile il tenente di vascello Mario Viotti.,677
299004,"Inviato in seguito nell'oceano Pacifico, attraccò a Pearl Harbor il 14 aprile 1940.",678
294635,Verso la metà degli anni 90 l'unità venne cancellata dal Lloyd s Register.,679
303691,"Debutta il 17 agosto 2014, nella partita persa 4-1 contro il Bordeaux al Chaban-Delmas.",680
301290,Nella stagione 2008-2009 passa prima in prestito al Nottingham Forest e poi al Middlesbrough.,681
301955,"Giocò con il Castilla, la squadra filiale del Real Madrid, dal 1974 al 1980.",682
305423,Nella stagione 2009-2010 passa in prestito al Peñarol'e in quella seguente all'Iraklis.,683
306097,È stato scritto nel linguaggio di programmazione Processing ed è distribuito sotto licenza GNU GPL.,684
307405,La riga 1 richiama la libreria pygame.py la riga 2 inizializza tutti i moduli.,685
308443,Utility Disco è un utility sviluppata dalla Apple Inc. per il sistema operativo macOS.,686
309308,MacPaint è stato il primo programma per disegnare basato su interfaccia grafica disponibile su Macintosh.,687
309461,Include tools di gestione a riga di comando ed una GUI per le query.,688
308704,Dal mese di dicembre del 2011 il sito del browser non è più disponibile.,689
309766,"Synthesia inizia il suo debutto nel 29 dicembre del 2006, con il nome Piano Hero.",690
314183,"Viene respinto più volte e, alla fine, si siede da solo su un altalena.",691
316005,"Il brano è anche una nenia locale Comet, it makes your teeth so green.",692
317819,"Tra i cantante e/o gruppi che hanno inciso il brano, figurano, tra l'altro",693
313032,La lettera dell FBI non fece altro che pubblicizzare ulteriormente la famigerata fama della traccia.,694
317488,God Save the Queen è il brano tradizionalmente utilizzato come inno nazionale del Regno Unito.,695
316766,"Il brano, sebbene composto interamente da Paul McCartney, è accreditato alla coppia John Lennon/Paul McCartney.",696
322857,"Essendo molto nutriente, l'avena integrale è ideale nelle convalescenze e durante l'allattamento.",697
320985,"In questo lo dsungariptero assomigliava moltissimo ad altri pterosauri più noti, come lo pterodattilo.",698
320685,"Le parti superiori variano dal giallo-grigiastro al color ocra, mentre quelle ventrali sono bianche.",699
319568,La struttura interna della tribù non è ancora definita in modo univoco e sicuro.,700
329368,"Lo stadio olimpico di Baku è uno stadio situato a Baku, capitale dell'Azerbaigian.",701
326933,"Grazie alla sua capacità di 150.000 posti, è lo stadio più grande del mondo.",702
329406,È composto da tre sale uguali e da un palazzetto di atletica leggera al coperto.,703
325207,"Nel 2003 sono cominciati i lavori di risanamento, svolti con l'aiuto di giovani disoccupati.",704
326971,"La Šiaulių Arena è un palazzo dello sport che ha sede a Šiauliai, in Lituania.",705
324246,"Nel suo interno gli spogliatoi, al suo esterno, integrate con il pubblico, le panchine.",706
329130,Nello stadio Arechi sono state disputate tre partite della Nazionale di calcio dell'Italia,707
326033,"Il Kenilworth Road è uno stadio di calcio a Luton, nel Bedfordshire, in Inghilterra.",708
329186,"Il Tolka Park è uno stadio irlandese, situato sull'omonimo fiume vicino a Dublino.",709
328482,Il Barclays Center è un palazzetto dello sport di New York nel quartiere di Brooklyn.,710
332504,Questa voce raccoglie le informazioni riguardanti l'Ischia Isolaverde nelle competizioni ufficiali della stagione 1992-1993.,711
335598,Questa voce raccoglie le informazioni riguardanti il LOSC Lille nelle competizioni ufficiali della stagione 2013-2014.,712
332197,Questa pagina raccoglie le informazioni riguardanti il Rimini Calcio nelle competizioni ufficiali della stagione 1993-1994.,713
332264,La stagione 2015-2016 dei Boston Celtics fu la 70a nella NBA per la franchigia.,714
335676,Questa voce raccoglie le informazioni riguardanti del Cosenza Calcio nelle competizioni ufficiali della stagione 2016-2017.,715
330104,Questa pagina raccoglie le informazioni riguardanti il Mestre Calcio nelle competizioni ufficiali della stagione 2000-2001.,716
332137,Questa pagina raccoglie le informazioni riguardanti il Giarre Calcio nelle competizioni ufficiali della stagione 1988-1989.,717
341200,La nazionale ceca si è qualificata per i Giochi nell'ultimo torneo di qualificazione olimpica.,718
337824,La nazionale egiziana si è qualificata per i Giochi vincendo il torneo preolimpico africano.,719
339327,Si tratta della rappresentativa più numerosa mai inviata da questo paese ai Giochi olimpici.,720
340711,"Il Comitato Olimpico Monegasco, fondato nel 1907, è stato ammesso al CIO nel 1953.",721
341195,"Il Consiglio Olimpico della Malesia, creato nel 1953, venne riconosciuto dal CIO nel 1954.",722
340719,La nazionale australiana si è qualificata per i Giochi vincendo il campionato mondiale del 2006.,723
336392,"Il Comitato Olimpico e Sportivo Ciadiano, creato nel 1963, venne riconosciuto dal CIO nel 1964.",724
339110,La nazionale venezuelana si è qualifica per i Giochi nel torneo preolimpico sudamericano di Lima.,725
340037,"Il gruppo ebbe un feud anche la Corporation, ex leader della DX Shawn Michaels.",726
340182,"Il Comitato Olimpico del Qatar, creato nel 1979, venne riconosciuto dal CIO nel 1980.",727
337337,La nazionale russa si è qualificata per i Giochi vincendo il campionato europeo del 2007.,728
339192,"Portabandiera alla cerimonia d apertura è stata la trentottenne Valentyna Ševčenko, alla sua quinta Olimpiade.",729
337655,"Il Comitato Olimpico Nazionale Gibutiano, creato nel 1983, venne riconosciuto dal CIO nel 1984.",730
339191,Il Comitato Olimpico di Taipei Cinese venne creato e riconosciuto dal CIO nel 1960.,731
340114,La nazionale australiana si è qualificata per i Giochi vincendo il campionato oceaniano del 2007.,732
338668,La loro gimmick era quella di una coppia di guardie del corpo a pagamento.,733
337461,"Il Comitato Olimpico della Dominica, creato nel 1987, venne riconosciuto dal CIO nel 1993.",734
346531,I suoi 23 piazzamenti a premio nelle WSOP gli hanno fruttato in totale $ 471.687.,735
344217,"Specializzato nel dorso, ha vinto tre medaglie d oro ai mondiali in vasca corta.",736
344826,"Nata a Kaunas il 19 marzo 1997, è figlia di Saulius Meilutis e Ingrida Meilutienė.",737
344717,Ha vinto una medaglia d argento Nazionale Under 20 ai Mondiali di Almaty nel 2015.,738
344160,È stata primatista mondiale dei 200m rana e della staffetta 4x100m sl.,739
349462,Il 12 maggio 2016 la serie è stata cancellata dopo una sola stagione prodotta.,740
350689,Per esempio spesso nella quinta stagione Phoebe insultava Cole chiamandolo malefico figlio di puttana.,741
359527,Dal 2010 partiranno anche una serie di trasmissioni in lingua italiana intitolate minoranze nel mondo.,742
359959,"Un grande hangar è usato come studio per le registrazioni, con il pubblico in piedi.",743
359244,Dal 25 settembre 2016 l'edizione della domenica viene sostituita da TG3 Nel mondo.,744
357925,La seconda stagione iniziò il 29 luglio 2014 ed è composta di 12 episodi.,745
360599,Agli US Open esce al primo turno di qualificazioni contro la greca Maria Sakkari.,746
361774,"John McEnroe disse, invece, di lei che è una delle sportive più combattenti di sempre.",747
360605,"Era ora un solitario, dichiarò Ted Schroeder, e sempre l'uomo più infelice della città.",748
361458,"Durante l'estate, vinse un piccolo torneo ITF di doppio in coppia con Christina McHale.",749
362550,"Al successivo Roma Open arriva ai quarti di finale, dove viene sconfitto da Yannick Maden.",750
363042,"In carriera si è aggiudicata 11 tornei WTA in singolare, quasi tutti sulla terra rossa.",751
365028,Nel Grande Slam giocò due finali di singolo e vinse quattro titoli di doppio.,752
360182,"Nel circuito principale ha vinto ventidue titoli, quindici nel doppio e sette in singolare.",753
375223,Come sempre spetta agli eroi l'ingrato compito di affrontare i mostri e sconfiggerli.,754
373868,Così facendo Altaïr riporterebbe la pace nella regione e riacquisterebbe il proprio grado di Priore.,755
376808,"Gli avvenimenti di Clear Sky si collocano un anno prima di, quindi nel 2011.",756
375187,Inoltre sono presenti anche delle lezioni per imparare le nozioni di base del gioco.,757
373183,"Se l'aeroplano del giocatore viene distrutto o arriva secondo, il tesoro sarà di Famedoro.",758
375194,La professoressa chiede alla ragazza di andare a cercare Ira che è scomparsa nel nulla.,759
382764,Sono state però le stagioni 1978-79 e 1979-80 quelle della definitiva esplosione di Giulio Belletti.,760
380128,Nella stagione successiva gioca nella Volleyball League A cinese col Guangdong Hengda Nuzi Paiqiu Julebu.,761
382285,"Nel campionato 2011-12 gioca invece in Francia, prendendo parte alla Ligue A col Béziers Volley.",762
381773,La carriera di Sonja Newcombe inizia nel'a livello giovanile col Laguna Beach Volleyball Club.,763
378128,La carriera di Paulina Prieto inizia a livello scolastico con la Palmer Trinity School.,764
378692,Nella stagione 2014-15 firma il suo primo contratto professionistico all'estero e gioca nella 1.,765
378965,Nella stagione 2015-16 è ancora nella Serie A1 italiana con il Power Volley Milano.,766
382288,Nel 2001 lasciò la panchina per rivestire il ruolo di direttore tecnico delle Nazionali brasiliane.,767
